0,1,2,3,4,5,6,7,8,9,10,11
1.1306642767496766,-1.0876547560815546,3.1642634431116514,2.2930518269102462,0.02317456260721275,0.5788144803256864,0.6648535048987524,-0.5367869793586206,-1.495392392501657,-0.4994851179899373,0.3375846232987614,0.47958333105790857
3.190926393750814,-1.4178845545702061,-0.5337149436697723,-0.8579696574393393,-0.006289465245689204,0.7453473666016662,-0.25906279533544146,1.0697773878380896,0.3425239179841578,1.4315085665536367,-1.1452565386024216,-0.8914180828611824
3.124339447979955,0.6570076372842971,-0.28513404355812744,-0.6266408168152946,0.15279321898039808,1.1301791099631286,-0.3249952683037045,0.20929934295334354,0.04320487629799959,0.46230388229877534,0.43166500319238604,0.8632284555681827
-0.48433905812002115,1.41097228460131,0.39780576278011265,2.8327414124869468,0.7213093802924507,-0.3883610082896161,-0.5222212957311206,-2.1535250323019683,0.7600790539206056,0.22837915850684956,-1.5450645361358748,0.34295962171681477
-2.2845416734699904,-0.3300325638913247,-0.07226032799112085,1.2093182034282062,0.7708346287937211,0.6255866687809776,0.3795667572887597,0.0147361295430495,1.0503805247189637,0.6281098262243603,0.7972105023257674,-0.3229456172779404
-2.2047134554650243,0.34507903348408714,0.4922291229334022,0.01386436815926812,-0.38023781862232936,0.03077457938095968,-0.927745042152156,0.01314071508395386,-0.5465304027892326,0.47487021175184585,-0.6055355167875238,0.880944578947757
1.9224160690712864,-1.685482603813483,-0.9226074378059279,1.9390721804281201,0.07137628485519969,1.2216628871758204,-0.45757240014460193,-1.3777935967164556,1.6761476505524244,-0.027168950759940393,-0.4543007348133947,0.6702846231940552
-0.7393517094382218,-0.8116688956102174,-2.553828640757939,-0.8771733933211122,0.2747727804000355,-1.6509389237661527,0.36404823761914584,-0.6190188825661785,-0.6746697400459528,0.6931161336269585,-0.2615424572811101,0.8570369334736458
1.377516483800874,0.033410542886850254,0.21954633212134067,-0.3119012461938184,0.5966688222446206,0.8055584773537013,-0.7567982373980947,0.13077188450539642,0.19441056230376086,-1.3735621867272925,0.10022140858279141,0.46336772070756055
2.686410292184099,0.8195610796477116,1.7577423219943922,1.4042502022055532,0.7793573303502978,-0.4046356095229447,2.368557374509072,-0.7971491427999042,0.1722541938649304,-0.4127838982032514,-0.0531330277457058,1.0961403537680576
0.024771680184723994,1.1156223893198265,0.3123507179702773,0.2661814305578669,-0.7927199778132915,-0.5534699399195443,-0.3056126847663428,0.8183286831394808,0.36490784663071885,-1.4351438275296542,-0.33684634159123306,0.21525566468786125
-0.7083985253168793,-1.8280076569456025,-0.5496503286461106,1.7104853616762825,0.7172045901223968,0.364472697970615,-0.18424764765539794,-0.03267594398456803,-0.38315653856023224,0.007639218083336471,0.3499378374368148,-0.19970889166273267
1.422746672411046,-0.2213045519879658,1.4767437076240506,-0.7575630821328992,0.45457326655541236,0.06653399813090571,1.9913313676654443,-0.4193350526387171,-1.03654158563624,0.35723675027114227,0.4687171922879727,0.10469415568384291
-2.0125265434649164,1.1923167655616778,0.8214436543089012,-0.5515569473623458,0.4393069348593294,-0.8835363390490235,-1.1140328366332566,-0.48196873571383986,-0.6982048536724053,-0.3285771354124724,0.7722068233536947,-0.25314773968667426
-0.49765669823443826,-0.26930622727059217,3.006370624895689,-0.4618683075370129,-0.8087067874782988,-2.0919363481392024,0.8952981998209545,0.5584678305396422,0.628962616774829,-0.9504215598966635,-0.16386513098435013,-0.32950823647138683
-1.3599677525196743,0.40756294036583757,0.9322901841177859,0.5122021282118806,-0.7949744887237628,-0.4559179743922404,-0.5882023421527282,1.1276056480814554,1.1238881371778326,0.22563057295902644,-1.1876068015982078,0.8482853468041538
-0.4677305806340698,1.8144678857675405,0.8048500450606093,1.6707734577582425,-0.03782652930603408,0.031208605802389294,-0.8893037131088589,-1.276530508878539,-1.0137707201186517,-0.7637462069453327,0.8327656657301035,0.3811418187235367
-1.034551003195428,0.3519395410302372,-0.170471979446603,-0.27991731896187566,-0.34247370817239026,-0.6432237356429288,-0.3921639770809325,0.4529579940709457,0.6092848668595782,-0.3900832208186772,-1.6478387106714476,0.285967486400793
-1.7889553541322896,-0.5306966321232416,-1.3692253177419433,0.11757892959777155,-0.7028125312309197,-0.6930311295963625,0.04197343228491857,-0.03407341686753968,-0.14509701519978824,-0.16339334588411566,-0.003658102732759096,-0.988337142040139
-2.2314766503430206,0.20715109635217427,0.4544649843637509,0.04121722492232598,0.059402875137371115,-0.4760370796854054,-0.878304900626532,-0.09735187280453678,-0.5318262453647328,0.5054644099036032,-0.7720629309617276,-0.04163617135635963
0.11506165614892566,0.40460092660319263,0.29555829484471624,1.3114869084335874,0.34848429914137086,1.5876244542432068,0.11723222297331173,0.8743843538596291,-1.9467844930914207,1.796893990860106,0.32373968457888397,1.2130298214032156
-1.4760812039030924,-3.048628927987986,1.639357150506178,0.6730175931528373,0.05925390109037235,-0.1844779486733182,1.2343448814198545,-0.2402225527801318,-0.7475968807936173,0.48373074966596,0.5359986370084071,-0.1066950218938197
-0.55028275249682,-0.4639122255765579,0.2633621287823363,1.13224947464975,1.0476270929700433,1.2337878584590902,-0.6584721800870843,-0.2944617260666778,-1.1086571713032491,0.08182955292260455,-0.6651730066979364,0.5785487452722982
0.817356535110246,0.05497506639570066,1.2505645753873822,-0.5439228929862667,0.6709737610985583,0.9860985020843215,-1.5991002653793016,-0.4475049642780449,1.42104244529786,0.2507355228699886,0.32916360573860465,0.7577835710058101
2.840853110261154,0.9326307585000286,0.0381451002311907,-0.4135674222858981,0.31572754873102976,0.8489506225627387,-0.08190817548928506,0.395475838583861,0.6432400900491555,0.5763265770553244,0.484340848830369,0.3598653520733417
-1.1883476625245273,0.2093845544211405,-1.0303193036109146,1.6163618436992786,-0.9590517294451537,-0.008167122254331438,0.10921558937197859,-0.7401951425341363,0.3931046783836235,-0.12619116083095713,0.0809441685180197,0.24439364440049638
-2.0966664782539484,-1.3981222742860595,-1.5787508474659295,-0.46469669670409286,-0.18512801235224363,-0.8799243300974318,-0.5706715078846477,-0.7802554179629247,-0.6703592813726704,-0.2726207833283443,-0.03407530632808706,0.5196731623054821
0.6847368338140293,-1.291114487846494,-0.08542491799692169,3.7074938167746763,-1.972523211165668,0.09510259127543853,-0.7940690532883106,0.48421696908029804,-1.1299379859249048,0.3408115138507573,0.14538046304047775,-0.4052359413629936
-1.3613970691282735,0.5648137543394963,0.0990536662243811,0.04273341077104153,0.3256986684778702,-1.2038404472694297,-0.31383302217961234,0.021749356303194377,1.2762102731437754,-0.13264981328370093,-1.7851629214294276,-0.2701941479542563
1.4744321358171748,2.9808267365617707,-0.47605709098523896,0.5294320058976278,0.8668105480189232,0.7794306132550947,1.33552747435118,0.44835953847977383,-0.02185751368388341,-0.10088167934809598,0.6421798572467722,-0.6464983538787225
-0.6883544813461439,-2.024670788108314,0.18033578636106984,0.43684627118828323,-2.0409592308158615,0.3893607274589774,-1.736098357287382,0.13103504661859824,0.06453856367519133,1.6318408833252744,0.6408976098086827,0.20115419351325797
1.287267359275513,0.6367557503868118,1.2313544756015187,-2.4006650195444794,-1.1704757755596908,-0.6826301429738127,1.138475141118441,-1.230191972611197,0.048451592510329926,0.662820531274937,0.2736444172674874,1.1263684704783796
-1.235776926027165,-1.1206418007022805,-0.30681718694597016,-0.8515070793977401,-0.06330706920595376,-0.9458571880188504,-1.1438982151735306,0.4263153014501594,-1.1378084592506845,-0.349181368865348,-1.412219261810336,0.3067457312308793
0.09837612309832418,0.8975696830421774,0.27023245997870604,-0.03367866366052183,-0.32758481898635144,-0.8624498314139563,-0.7227560750269142,0.22407657552543334,0.0720161060530897,-1.6372029874498841,-0.10936827556665604,0.6818437675547399
-1.6406459092709191,1.2840425683962073,-0.14838679837639457,-0.44037848757315756,0.509130538868791,-1.1915122437807766,0.4068171431018479,0.28830833961120667,0.09114103288578834,1.5039594221726522,-0.6033403687248146,0.49165472054509984
-2.1530323066090853,0.9090572331720695,0.036547965946532084,-0.5056613393337633,0.2079970854047406,-0.9202932816454554,0.04617123819387287,0.2084840502933098,1.1343871838274178,-0.33480910577987477,-1.2695020458248114,-0.1850979044490359
1.747726389913616,2.550866720647141,-0.2760703680419445,0.7271831332307591,0.9731306609847072,0.46268596848826155,1.0735486281494875,0.5202569145391681,0.1939660451677793,-0.02686938836141011,0.41115089158286483,-0.3749239041357906
2.2711439546170493,0.03673635428476814,-0.44402362423400116,-0.5153575788836048,0.9180177150095377,-0.23404694919256983,0.36071790060481634,1.2768282389300536,-0.4113992925996967,0.019991505312009213,-0.07694731062793145,-0.9271599999531868
1.908062452694696,0.5489821135875098,-0.9450476117259778,-0.8599052145367032,0.5103765988085259,-1.599714446717974,-0.6593187042178847,-0.6924072310793676,-1.132088522359144,0.08017784937531121,-0.27386777194997086,-0.33540770196988273
0.8140768375115095,-0.45762033414792375,1.2201185083816657,0.26957478588260647,-1.086278958870884,-1.296396250212168,1.9794275905633594,0.2938042492705154,-1.2002848982473233,0.723413424159301,-1.2291344715424006,0.3697082539707184
2.4169209266156866,-1.4643378331515269,-0.45313448862858086,-0.44604911455546803,-0.9831217936770204,1.0710848528277095,-0.6376436612597695,0.5014003960925666,1.514100583229771,-0.7486789326156116,1.416873421567439,-1.1227214798454175
-1.24781728166986,1.8122478417513077,1.610097322765401,0.5214173740569218,0.6345897412878891,-1.6747363954292827,-0.5879110621625941,0.3664226801158889,-0.1599957751654588,1.8847859994340725,1.2148495552315162,0.04740197629514129
-0.7033374186341045,-3.0205016938538427,-0.15722758892243482,-0.4530266478392775,-1.3850939160788245,-0.7210351069171848,-1.7035554849120647,0.38610463564792646,0.31869705934022935,0.948163177225927,0.1890446547472749,0.07417544493529075
-0.7181633777714195,-0.6895199053766773,2.009587805673316,-0.09194045509119853,-1.365129018487593,-0.7878155513725933,1.1049052244416753,0.06328526096644746,0.037559668434938895,-0.14291063424277103,-1.5538744696488336,0.45945229027376855
-1.280738549958613,-2.0466432546208937,-1.6636580472774587,-0.6966289115452862,1.0056214825156484,-0.019592787645896528,0.13687817232347257,0.07511428371394599,0.13099552539464332,-0.909624194332729,-0.12005878747730134,0.6283809677922729
0.7796833631354103,0.7179243583780581,0.6667817109380842,0.36491643652643313,0.7387300484192874,1.3728398479759074,-0.9968416074737779,-0.770228044598668,0.1538784896673909,-0.6078521629119317,0.5387874425439156,0.9969125218940686
-1.3837067207588643,1.5785339546785715,-0.3304123135143245,-0.1577036728150626,-1.4112897157721491,0.8653761555770817,0.07945093364686391,0.759079306731585,-0.5461733576560149,-0.13886808272795145,-0.7334554347248535,-0.5408972302254049
1.5459022650776182,0.5619581720073666,0.4154465574192746,0.9872449053206221,1.0940690433196665,-0.03736867305830924,-0.30966556979177334,0.47452912713461237,0.5626628318464388,-1.4355197959250716,-0.462788923282827,-0.7514331032082634
-0.19499112935082655,-4.108032290439213,-0.026122835056646206,-1.194951598917213,0.56127308023095,-0.41450615109965455,0.8443939822713509,-1.5638119071726218,-1.0210047511561946,-0.30709615343376173,-0.41850414288702514,-0.003606029408586092
0.26255764322707614,-0.15082494570933264,1.8246090846126515,1.6037123515777179,-0.07604220453090749,1.2245333845271367,2.210695526394451,-0.7075366970827587,-0.4062230847152674,-0.8503990470670613,-0.8004355187483009,0.26638541472242416
-2.906639796562345,0.5748962799343457,-0.6260145845134839,0.04585648494011734,-1.0457851215502447,0.5467750980478914,-0.005816445515916721,-0.877610316117935,0.5060400535975825,0.8998597612873241,1.137175436266017,-0.49496907198891177
-0.1898716448070008,1.3445342652005834,0.07428463762260207,-1.0313659487572866,-1.3520188451800619,-0.04259724143395413,-0.5529325764343562,1.1933668249018219,-0.1061320552595428,-1.5375758673388065,0.1576540004705112,0.8211291981649078
-1.2023995166649537,0.26070056132130937,-0.7800738098174059,-1.4670153192613273,1.2677037172743768,1.1594156212882936,0.1439959281630104,-0.5002821010073872,0.16645801446463007,-0.31200658109881085,-0.828838316841882,-0.7670464553815367
-2.6675346571523604,0.21787813215442187,0.9807981460488538,0.05967886703321489,1.424680461728188,0.6922075302458978,-0.058726890335514335,0.45993407737529085,0.33610403872972167,0.43415181202756725,-0.0734097858809267,0.09520548924014176
1.1785171547877225,1.0478648351342987,-0.3665336183079838,-1.4733855521616825,-0.30246078595230663,-1.145698232285671,-0.5271780340524842,0.41682775937651956,-0.10300643327858565,0.43446800005870817,0.04894728338777957,0.6149336513254738
2.690007852162011,1.0603627698673896,-0.6855825922402596,-0.23440016897188728,0.8912270901008182,0.4184467353180073,0.22288685158937124,0.20786700158123292,-0.5809135756950781,0.06862601080970505,0.18969929705291483,-0.5359237888201777
-0.11112297808903891,0.8863172976136514,0.9215489695292451,0.08896502900079449,-0.2170945072853488,-0.7046672552674029,-1.109856888250797,-0.30774524911577417,0.4049213027453819,-0.6126212949730123,0.33275909885313987,-0.29926811187384617
-1.2031526309013625,2.1183015801740317,0.2566939511216408,-0.9420629839118757,1.0083749390497376,0.875808529775353,0.5193482403138588,0.4194288102615725,0.7934832535476917,-1.361955659944599,0.8014039999532835,-0.22236000514722654
0.24105283377606626,-0.23756451405614123,-0.03894407481350785,1.012231658015327,0.8139987807115147,1.4970450191612865,-0.1617499605428955,-0.5349012914310928,-0.46659615659544695,-0.40638162840891023,-0.5939406510475853,-0.22331869385051561
-0.20523454451615172,0.39396690510544213,0.4678057749888897,0.13701204698443406,0.4126655839667159,1.262273871887378,0.09973645545040559,1.1527535970781668,-1.0867965734018918,2.5328811684606434,0.32576500050885177,-0.7624872176495434
0.9372657090909741,0.3964450881730975,-1.770650194574464,0.31742259036525966,0.1680128093732006,-2.0031072862715438,0.3293070974220367,-0.600272227668119,-0.37522342981643314,-0.21631183206546467,0.978054107442962,0.026623125452248063
0.2978888941441274,0.26831669967764044,-0.6846643392295007,2.684647824892758,0.717408118682464,0.1674897102852419,1.675898544491197,0.4348108291131761,0.9531879448184676,0.9267117656854109,0.7866330990193684,0.2715548458031514
3.05055607186217,0.8103492432078423,0.035526844203593345,-0.9431853783698455,0.20942787460356102,1.1488519196688012,-0.31124552125047106,-0.05994931819052786,0.9188748357051733,0.9615449907687951,0.641402638836546,-0.0761107869385225
-1.8886277534416518,-1.9238882345322312,0.31713989487313615,-0.5478820107268298,-0.8814443384305906,-1.3767905452461258,1.493281751205781,-1.2477000878053037,-0.4004591859219196,-0.4045856604596261,-0.2021190706167994,0.13825793720023827
1.1810404746935768,1.8327288937143393,-0.08443683432607793,-0.02335994759389565,-1.4128956360270337,0.44625731101614546,-0.5231229773640044,0.07594665546600618,0.0616519307325946,-1.2006712527806143,0.022979356551377426,-0.7154157905570305
3.0700279337378262,-0.027889936026186113,0.03472708567904879,-0.40335639688294167,1.1165409364712473,-0.05653643337464062,-0.5986060628880558,-0.06457422221685398,0.5571321218324318,0.6475061344882501,0.003518241776105523,0.2684766008631708
0.3351439144198631,0.052312193972980515,0.6859503731799296,1.7670394466196566,0.3057001887115766,1.2333361556645948,-0.21817673863430456,0.7663722657775933,0.6293781732160306,-0.11396369265126208,-1.1282497961721718,0.8833158524358512
-0.18821629150491326,0.04775615926984928,1.2014981263304303,-0.024448549608140944,1.2790577941317578,-0.26716848876477467,-0.7796449160471007,0.9308627822239279,0.6705017720360528,-0.7695722625021346,0.1972055388493809,0.2113184986879469
3.5013279278845895,-0.4024362068566052,0.07095166523730109,1.7353022885706546,2.0706945574507416,-1.4798208644502568,-0.2855804823984236,0.2844867657969408,-0.1523091913044213,-0.315625071978395,-0.7512312777002157,0.29305908794773083
0.10872937599268379,0.6882392020426243,0.454583346373956,2.1105997609412817,-0.19998925059247152,-0.5604253303559753,-0.6770727400125631,-0.3401971324002659,0.6435150284703548,0.27633344132688886,-1.8551999639655492,-0.424169892052952
-0.9737767815599178,-1.8104041191711957,-0.8099342182191757,0.3721875862103725,-1.1222303572444592,-1.1412729661587357,-0.5615286714551542,0.9773803998115536,0.18152159393195408,-0.2141877399386137,-0.36564164333991966,0.14189404308234815
1.0224598372917855,-0.45640075200972985,1.646827350757752,-1.7199849126607576,-1.5665806103956081,-0.17982670629959732,0.3893498495080684,-1.4685634829555154,-0.16316819579018532,-1.2483538682413031,0.06928263914260971,0.8906109763832928
2.9749724526793764,1.1404038220952157,-0.9312687894759721,-0.9550911216948833,-1.1205279468996763,-0.08552763011444767,-0.5918629294486217,-0.120591308410585,-0.9051098675302093,0.40049713242959334,0.05302989560889795,-0.5021156871306532
0.3580132550535671,-0.06185543022980215,-0.07074418721136337,-2.111466563800707,0.2028336876505809,1.6371979859035175,-0.9012436018789288,-0.07199070498309755,0.40369753876334197,-0.6481542259483277,0.2806407410991237,0.7824827928761339
-1.7824496487973847,1.0152667678870975,-0.12037846314822803,-1.1680932839404676,0.8581025206485332,1.56317366849955,0.46115326372904697,-0.10746105743411485,1.253512776457452,-0.14329884490043146,-0.40767558141846816,0.17449929547468185
-0.5376429594438498,-3.215200198386982,-1.0035129136933536,0.09107130233582161,0.9775402526344104,-0.6933591118650259,-0.5330155868682157,0.7642146153448192,-0.22520255620133653,-0.417056155737179,-0.3936993932709208,-0.12473119108857468
2.5323797259769343,0.7824031290181233,-0.30698678686607817,-0.09511120225590013,1.0519805019926698,0.30977999335286893,-0.1295549061247243,-0.032306536789308914,-0.0642433762045046,0.22004363694957513,0.152450425939533,0.8459619628386207
-0.533651828400318,-1.8059032312856276,-1.0394578295851715,0.08853741107852833,0.6654601882170137,0.358383009670684,-0.23218426777737697,-0.21139781909115077,0.5383166965924107,0.26473804706702797,-0.02514749297561766,-1.0004793027322172
-1.7233583140190243,-0.03173170980906153,0.7787568088823423,0.9374547732360649,1.3878878852605117,0.8302963372408083,-0.13556140461016822,0.06220476181809538,-0.2576760374983398,0.09245951838385943,-0.20248060115391575,0.15501945386564092
1.6600752265531558,0.23666673669117896,-0.385382591712503,-1.0452256903767485,1.1088529953960164,-0.8091000260237879,0.3630222571945483,1.9957266537595433,-0.5988963565662936,-0.30072462121807486,0.05238233366601433,-0.6413397509998278
0.6843049519476297,1.9715617829957783,-0.9577112653853362,0.9217340739948063,1.1908221341619152,1.1627321507969237,1.2291146503892725,-0.4015045940545006,0.1374418648320133,0.8824855131607972,-0.875299904261242,0.7459831025967713
-0.487415607856452,-0.9281043404382402,-1.5522392452883347,0.7711145118706924,0.46739998976943525,0.5939189247424439,0.8108716435723706,0.13664540337762565,0.36632556957551,-1.0505052293165646,0.020505836561756117,-0.3219055523991085
-2.1669974286089575,-0.44004740888184873,0.17244202366889305,-0.47478627134569873,2.4016636178447257,-0.300668316181034,-0.13898155098886136,-0.24526368934461837,0.22632270349925443,-0.044860383995177985,-0.9003469207925153,-0.6970385434796935
2.3605006411290415,-1.6911576468992549,2.4065702219931855,0.22384183295939042,0.8139929617537546,-1.7436527110212237,1.3871608203075965,1.0303559152837596,-0.6081102278535815,-0.14189784081900408,-0.10696015585989446,0.7503603828194433
-2.289847605183419,-0.221352232259321,-0.028770527233346922,-0.46390456902474775,0.3598639121118952,-0.5060820181642217,-1.1181387944811834,-0.607818900757504,-1.3470609776624787,0.3366451094230639,-0.8076513522141795,0.10649526681301984
-2.1128378571856974,0.042386533158528784,0.5771611782313604,-0.22552411925352822,1.5269052940761085,0.2751921155824041,0.1463894782183908,0.6409507022069869,0.751957446423164,-0.052298896240560375,-0.603882071883776,-0.18045582620296202
-1.589935163702325,-0.17721350972779884,0.19797428279520468,-0.3468107023338436,1.258679592698371,0.42830961705864234,0.09923121704293755,0.8208858361846706,0.07408398888171173,-0.21229491848796497,-0.7346995233102261,-0.6669380704608999
-1.4582634626294058,-1.0393733139332109,-1.1156231272669763,-0.1412064668461812,0.47829273973453995,0.24551701479645954,0.7694115754330041,0.8483421989676162,1.153424572707081,-0.7421676472229961,0.14473283703777678,-0.007273596605588922
-1.4998891820512439,-1.0573775781780488,-1.026079664499836,0.24606737428411654,0.5134821205312952,0.5170832764053178,0.4418987059498637,0.4464187933138426,0.3108091731818949,-0.25091792256322154,0.3643363780890076,-0.43758561133591595
0.002965322016895527,-0.7193695516588713,-0.8275798742236968,-0.20620681812028618,0.811440334662141,1.060107807132932,-0.10341786515399322,0.2564753862777238,-0.9142853607486947,-1.2260389066252582,-1.179887544845753,0.8593361383925178
4.130709857098794,-0.7196989110828512,0.5356440500290531,2.676185609282572,-0.7443865106385854,1.1808321449853647,-1.16325898451755,-0.9856391970189395,3.447872037265896,0.06239472696464704,0.5536283735285111,0.441793765817081
1.5252097250259997,0.334581197324551,0.8168554922765539,-0.5961124901951368,-1.3767342846447865,0.5864278030245814,-1.9925152493622473,-0.8382522022778739,0.5922013010197046,0.14124514176687347,0.3674538945455437,-0.10042434511886769
-2.2497673149404993,1.3025532511719207,-0.7207280008894595,1.4919146242931765,-1.1971068237587967,0.5180635145419525,0.7267490418130778,-0.5848617550002779,1.0484073564111902,-0.09519583091294923,0.7533178987284106,0.5359045814064489
-1.6441800670948101,-1.7717545960364336,-0.7338583791077604,-0.048361056253882755,0.35636288811723893,0.39924754369012894,0.13088118155001507,0.8843444547057864,0.39040385668857275,-0.39276702043861866,0.4727922607839153,0.850666029769243
0.1407443828189478,1.3318003251508144,-0.29308954632056683,-1.8997689783957838,0.1885900332433092,-1.3900404682729472,-0.20556424407002077,0.21428757682010666,0.10031486197963171,0.38200550794310434,0.42373044998792186,0.3399659471534408
1.76541384893868,1.229422081867219,-0.5294548045338789,-0.7332395170982058,0.8438716522748926,0.7615141246771161,0.28575030246206445,0.11572129766623299,-0.4348451416611337,-0.033426299401602855,0.7148048391073419,0.818862815287676
1.7932458695816116,-1.3532612298890938,-0.23570071355537606,0.4547083521841526,0.29498622097063915,0.21107371669500638,-0.852618956457928,-0.5613482270349853,1.9290615363602652,-0.679583133658015,0.9493783824438998,0.13254954252901402
-1.5852541369997077,0.38895249053258946,0.8279901018031742,-0.06653815578970754,-0.9305872302371996,0.2571209139516746,-0.9114388745394228,0.41210635031850223,0.2120458827174187,0.9098436606367959,-0.5290055415324513,-0.2879695084128344
-1.983294538595339,0.505849529188565,-0.04982857417835366,-0.7669192353423662,1.3096197965619374,0.754535167601362,0.4375897325893709,0.34192497043640635,0.9365413361264501,-0.5661792607934686,-0.7290507338751328,0.6869403475733948
-2.0661999667983575,0.48832472976769353,-0.3697509663743737,-0.9382291543878302,1.6669197424887296,0.6956660168804127,0.36706504408455737,-0.22628456436552843,0.5533642517287664,-0.5725509296880549,-0.7955021556334478,0.45738644129562317
-3.2141367540504886,1.1261698777195892,1.257921487503319,0.5585637520570671,1.2279303766458727,1.2930684855186068,0.1758828657534063,0.30135009741982316,-0.01691478718716739,0.9837628756786218,0.5159545616036021,-0.8130868033927269
-0.9713148672251084,-1.7391482485516938,-1.556315003848054,-0.9841658014322704,0.5731458337173454,0.530923017179476,0.13386192305400524,-0.10209063742783056,0.6534164495138051,-0.4705593753753733,0.10901668410749635,-0.053275774413574215
-0.3434640425775483,-2.448483816323799,-0.09454782309814029,-1.2914645475274824,-1.3542511006637232,1.5389446510306997,1.7723545876694666,-0.33980752402865283,-1.1251177531468215,-0.5608334376945019,0.5115762151823038,0.38947468555950043
1.1382760628614481,1.5396512572548453,0.8139187672957957,-0.2879549871626048,-1.365003537907653,0.9660774651655576,-1.4535504771995056,-1.1814022716587957,1.019762704223729,0.3418641674828779,0.5872814070947202,-0.8640476949607162
-1.4441992683421585,0.6545948872192526,0.2017041171432053,-0.9690667025518924,0.14335450585442178,-0.5343461970657841,-1.4252266168216394,-0.566838457235127,-1.8603240313042195,-0.5954299773260946,0.6545299344322364,0.001850807488484854
0.33319643082599193,1.3835284409899609,0.3103373292367833,-1.5837045934278295,-0.6011051482959417,-1.1831431202384175,-0.065687479260921,1.3663012176135132,0.7984244735987106,0.3747654818441472,0.5784672224833387,0.8736559047558368
0.4389189514828234,0.3433387356443386,0.7317854361115662,-0.1739909599927563,0.5931092797990482,0.96761443471509,-0.6346126855920825,0.3169831907942643,-0.05885604838502783,-0.9637777696914581,0.8000075315290487,-0.05557631103501784
2.5160172549501523,1.4114121527932164,-0.5303462936371922,0.10990541924726281,-0.3201845680133242,-0.638418426915593,-0.7389617630109717,-0.7487265779911311,-0.2764028985533434,0.47098071417192716,-0.3259243103836133,1.1088818094501511
-0.12069918980976733,2.410219878155516,-0.10163327456263208,0.38264920357592536,-0.04806070228637976,-0.43534111435340217,-0.1324337530725512,-0.7237163671859277,0.18655898442275057,-1.350936094318973,-0.05275017805610002,-0.8256622794714635
1.5559472393628146,-0.9713568795642539,-1.3531813168530047,0.2601517093465163,1.2680442300852535,-1.1913698067081988,0.5176983658287049,0.5374314231452212,-0.15177057501986427,-0.49513016073431954,1.2005006285923212,0.5216775234432188
1.294963006497912,-0.27607632965155066,0.6461150597156088,-0.6486311073562462,0.2638552381604987,0.5834310318217719,2.5877417207678755,-0.6153344557486362,-0.44403345035500724,0.5976390693800387,-0.903638935453376,0.4765398263600681
-1.805430262152546,0.7502863146232439,1.763058556097965,0.9667811129694669,1.0094289587627792,1.1408423889611408,-0.5748687603767996,0.2605051458596991,-0.5228148458925714,-0.06818147792985174,1.5119705489964133,0.8763810348461034
1.987807732971064,-0.6825938190008602,-0.2835595693864582,0.5277827954003774,1.438493807970872,-1.4017952836926832,2.425911813463558,-2.0942849945614195,-0.4324226206400908,-0.2507004836183278,0.6295133223453754,-0.4697559966400705
1.3087441605922783,-0.43133841923163785,-1.0642577628409176,0.5258577417988008,-1.8065149905536402,-0.1774516856881985,-0.8199035737442502,0.010761291749344907,-0.7793290754969856,-1.012857763466574,1.1430421198420666,-1.1872078101585424
-0.9674656005467417,1.5766097023917238,0.8713590497644952,0.94503171753905,-0.43774237346063627,-0.39679272304451524,-0.3873855928016313,0.39501283491026123,-0.6282539505744157,-0.44143624965563893,0.45780091754227564,-1.5842991787606198
-1.2350119773173482,-1.0545823656656697,1.9974474184628048,-0.7464591971585273,0.0159297118857611,0.4943772490766682,1.861985208497625,0.5263025732496048,-0.08645054347276111,-0.523768008501888,-0.7436176484375077,0.4758655788941986
-2.303509248443947,0.7743509596802957,-0.7150586584301215,0.7625727601163325,-0.25916914620841697,-0.981240697643561,0.6172900828850202,-0.45433407685155913,2.4583568338222936,0.014304266838920018,-0.21595406979756043,-0.21766092083678618
2.903365267967488,-1.2318096842534894,0.9474033506821918,-2.932665463112966,0.29624180346889806,0.10846305987058522,0.8353056585964028,-1.2526587518202992,-0.3803016967128077,0.771358454869061,0.0902077988970236,-0.1086798957007801
2.308490139323654,-0.048123267418954,0.1690299592877028,0.22396050235191317,0.3167967987787231,0.8866102745874925,-0.9465964419003616,0.20914430733453568,0.1562691065291996,-1.246112916214007,-0.305902947675235,0.20485446420944553
1.0603286065109336,0.10407594498795725,1.343239187968259,-2.674100571696289,0.7008099133424015,-0.2179152406787219,1.9885198994699003,-0.6507245371223986,0.23404858304977497,0.4149435452214066,0.6959427703721989,-0.46656383630227005
2.983620336271464,-2.8084102847394585,-0.8627822496891244,-0.06900697554452619,1.1005131248959457,-0.19010776606132226,-2.0786935396686976,-2.2730458289521254,1.2109769687255005,-0.22207622173208968,0.222601681156616,-0.1742757679636477
-0.2602940789561277,1.9609955805937882,-0.9456535960648875,0.45266372354117956,-0.42305766288351465,0.2549987212750223,0.5900322097322805,-0.2524966088387674,-1.2417175501090014,1.0791301104473774,-0.5167140339775262,0.6282815254989288
3.869111790849488,2.066318461418947,-0.24581793418618195,2.671677812087506,-0.4294665639689514,-0.9377067044557151,-0.2581645407595439,-0.3653372261809899,-0.04960844045431001,0.16193677306298332,-0.9476545193781398,0.35736525823994664
-0.29209845057527534,-2.231911904333244,2.6860593901232597,0.5583808751975343,0.15825505374548504,0.938038487348883,0.41597241810403823,-0.9338734079243793,-1.2485184751366403,0.6407186775366448,-0.3977499107714327,0.7897009802566723
-1.8635673210510677,-0.6916836718553944,-0.22827718390461518,1.7106238917883265,0.8856927095084544,0.630189596492198,0.3882547333304736,-0.29124131224314503,0.4335360923946259,0.165720551388621,0.897261794154776,-0.1363145831393316
4.574158771948556,-2.50509678262961,1.3781445760465052,1.705929687304469,0.41193365851379066,-1.9160522564845344,1.528525876402406,-0.7845819095971418,1.744936460435746,0.4346887075907417,0.2097912445852353,-0.813261906665422
2.1333258067114382,2.120473488884719,-0.7577867167771684,-0.09063177035075336,-0.47745861760421465,-0.2705033169509963,-0.24946847295556204,-0.7039782907221659,-0.46597759602961436,0.38051417052074005,-0.003183638005184587,0.33206480601349186
-2.745800585524777,1.0096282133418368,0.48147974008122313,-0.03642642275116708,-0.1873899143854999,-0.02624015046353947,-0.4143896498862734,0.0072115047828870595,-0.3387769111518883,0.4924194593296911,-0.3711345813954556,-0.2276863885844272
-1.6915149074602245,-0.4115488458356026,-1.3675986829024047,-0.32676591024041846,-1.4071403450994437,-0.23331722638806326,0.24013262338317679,0.5740942825903315,0.6852641323837917,-0.7101865997497561,0.01660141214430458,0.9771583722483498
0.03947546368245453,0.5952472251536456,0.32256712799146575,0.10891696223450668,1.0790958507815767,0.6719236770481597,-0.3764544508915324,0.13856088541114994,-0.8111113018180395,-1.3785136770924862,0.641176680341211,-0.056242856626324327
-0.43485844246305483,2.2179644656550326,-0.3970849081730994,-1.7959006835225693,-0.28269117365679497,-0.1460078223890116,-0.1644281713554261,-0.3107284721516231,-0.9170624487212987,0.7869295810324143,1.19272804974182,0.525157479427799
-3.406343092154231,1.0036189360228025,1.2106522656811605,0.3082472220472656,2.047249344667402,0.44638702992599627,0.28981023038191217,-0.1384424169260214,1.0935585668638936,0.7106709370659348,0.050726301185612305,-0.48501582237726154
-0.9448978846245549,0.0918433092919411,-0.34931109522366194,-1.0168193210643868,1.9683120171420876,-0.5704587788240132,0.8636979606613169,0.9696673631443434,0.5650981983273058,0.7562538206379541,-0.7237512309680452,0.9719505406654325
-1.9980224000960338,0.44829924504369606,-0.9427681374170996,1.2569201715690959,-0.6800115898668727,-0.22939708583081816,0.4755589644452586,-0.6231513042534321,0.5588872940648831,-0.21891278997141514,0.41731544863909026,-0.27403356977229515
-0.961214978075574,-1.3219320756783122,-0.33621444531834654,1.8611774336877493,0.4989776883882479,0.6801828363153007,0.005693264105975213,0.03306484054155983,0.03968321284178099,0.0964248515829022,0.5602900619957214,0.16309438991382347
3.0587673145853915,1.423307323701306,0.0540049206988339,1.6082970987682674,-1.1798906851903233,-0.798957635392433,-0.027895320249684743,1.2448790722437664,-0.2855563773780632,-0.4306437160775244,-0.19173119869648586,1.3001205885875455
1.4548330021348956,-0.13488529131856414,0.3368308106403993,0.21548802425886843,0.13744574924580163,1.4557180374862293,-1.1672160991419793,0.24392075389277176,-1.8206538438559343,-0.6582346648578795,0.6925896543828106,-1.0026865039990247
0.756122734606947,3.2136442068352533,-0.45458588347912965,0.4307847517594391,0.2065615924247493,-0.9996083616620587,0.7785889734986345,-0.24781957994971002,0.07610293229938506,0.11190382170090248,0.22848674747724457,-0.8168144862924269
-0.1720658586840236,-0.43385391277428786,1.6764187595861104,0.8606380997886115,0.548907471866895,0.8355671314569537,1.6775082386205373,-1.3785499224064068,-0.2475901102350889,-0.3551140606083749,-1.1804828828667595,0.602940586134518
-1.2670210821667207,0.3230248925651244,0.3337539419842653,-0.28503374912112334,-0.3343414278658307,-0.9659955038710977,-0.07235298989589552,1.4941430142436005,-0.7892376830766286,1.6589807020318388,-0.288977553400374,0.7717304927744507
-0.1490458057513241,-1.3435457315052761,2.0082458713686084,1.0535590358255484,1.4451436100493336,-0.6819856327187586,-1.4174146980998075,1.277801967651626,-0.9443329318201856,-0.4436469038868347,0.8198323437045778,-0.5142150627627158
-2.4648782002995486,-0.12872766225646945,2.284079180300585,-0.4501443741851421,-0.9853463719746933,-0.3834266733780685,1.2285539697973558,-0.5562455852943665,-0.46559891223717315,0.22864198614563266,-0.5311101195693874,0.6773139346517834
1.6535402058497868,0.6936325012627295,-0.5205863550124938,0.08521819165733778,-0.00026230647221252843,-1.2169775638921863,-0.7339253736776447,0.02252273369953475,-1.9433772926066468,0.12529382574378695,0.027804219308021825,0.6714098338590748
0.6536574013531449,1.3277359385179954,-0.2036006000762796,-0.22894646180500697,1.201076925094006,0.5516232953323685,0.35491645420714224,0.3104217360392015,-1.2832318631282693,-0.024351649728627404,1.1470117477659008,1.162817005029062
-2.1216813331011584,1.1467403139527657,-0.4472990912108676,-0.6112932088698395,-0.3791885934793486,0.24512576463000674,-0.17392285640466001,-0.17276647914721785,-0.670217084523987,-0.1225383917071152,-0.7468898655885232,-0.2709879185060351
2.7032284105308215,-1.7352569481154758,2.0962218908438888,-1.3990764394693946,-0.12937996795253998,0.12646885024552199,0.5634680047348362,-0.7596072141882948,0.741813213307657,-0.8362916021234763,-0.22645355657832927,-1.6696133100017103
-2.7253688041850617,1.2148932705764488,-0.14504693686055395,-0.5370461105312133,0.27280167183606147,-0.1945561723008554,-0.21176849363064346,-0.6789602776687417,-0.05569720522824058,0.0712732622090829,-0.7264077755382513,-0.012554776308927946
-2.203016351317764,-0.4759041812836636,0.32609816083926196,-0.28591026240428397,1.8269344162588206,0.39279641296875695,-0.3931962814901218,-0.03592344334022852,-0.7344864214033571,0.27160837029500084,-0.42749265280379717,-0.5453573759153527
-1.706494855465828,-1.051930916959706,-1.8078299058495972,-1.0198652499981118,-0.9030280654392677,0.19091691063812202,-0.6609795168442744,-1.1448587615636476,-0.7143641158467232,0.04142431209364851,0.31360361954972565,0.4070935027130909
-0.5871947011235844,-0.8411021259182475,3.1871511352631443,0.8238371328099975,0.0266039956636854,-1.8167928591361513,-0.0933864899984721,-1.403662195060281,-1.328467341095014,-0.23595826600955971,0.3090387778529058,0.02532895443927239
-0.6706031384743064,0.251842668463005,-2.2315161403969563,0.7131282744386065,0.4737258026676027,1.3566813312173318,1.2427532499842797,-0.7497942438430282,-0.2056307810852039,-1.0033155255921584,0.21333704101263845,-1.1902089878569864
0.8323296983691297,-3.3107911732407613,-2.1803175815379836,-0.2910221244506597,2.669086961036036,-1.0441716381318114,-1.8561074965674529,-2.687258720724303,-2.820680063668918,-1.5918709199118612,0.4788372087673239,0.5482721315747449
2.0046764586026113,-0.12989231436345305,0.12585109470450867,-0.47864270526945885,1.6457495314699708,-0.9991940344863536,-0.0034174725125095937,0.8621088509647097,0.27811648350036217,0.021690847312377255,0.1508971050418219,-0.3064614542637422
3.0141635326990808,0.45720309492955663,-1.3188274058131746,0.9763869989960282,-0.06716554973636708,1.641178474986855,0.7775083337356276,0.5197107475342658,-1.1036176706827925,0.4193608631628689,-1.0084386854110525,-0.06901343124033117
2.6392243184043105,-1.5902773705927102,-0.7865496393734004,-0.777088796320641,-0.3286752100493863,2.089954712923671,-1.262079813398088,-0.469877375846683,-0.14353001991766043,0.09233182340944127,-1.5101776027090092,-0.630062572449028
0.30645401431505,0.9751260200218249,-0.21961602331871546,-0.9396942942119817,1.0507742962938378,-2.355701474769281,-0.46404324592998225,-0.1177775162889658,0.07598028934410073,0.2839808392801612,-0.2910337876136683,0.8082163453781176
0.113509599995697,-0.42403019373540696,0.17714678541997134,-2.3598322183802423,1.154907489184938,0.5606851692029373,-1.1273703775748827,-0.4039148581901444,0.5759910169505873,-0.8097263038792882,0.44751163477593303,0.21013993906893985
1.304290274295628,-0.6034310490976408,0.5152682037014604,-0.829851346310553,1.1263486219826049,0.4181285412644767,-1.2578405431643476,-0.5908479562090653,0.8845101675855529,-0.8789266929482599,0.10149306860890853,0.3601642545823638
0.09274179507146203,0.10384714571833414,0.18419205007013917,-1.35111545900096,-0.8057870379404952,-0.1300995862561129,-1.7699402264272455,-0.11022130469771955,-0.8454543113588336,-0.6571697429053015,0.1912565306371628,0.7965033109686253
-1.7275060824221544,1.422105627679333,2.1126658636461824,-0.9515010757448452,-1.070787426602895,-0.06885327133057287,1.1566618959921742,-1.140587367115254,-1.2837019211518679,-0.6430229494026276,0.9898935522039748,-0.05947837533594682
1.197168991423151,-1.584951678596284,-0.8038917257557352,-2.9579954547764813,0.2640587766363094,1.1628317038815386,-0.5808559093871531,0.547212113163735,-0.018190886060768085,1.4535785583563916,-0.46622104123266705,1.4269819790119296
-1.164473091507118,0.286051948331186,-1.1882877529467217,1.474385014459468,-1.1928260834719953,0.35749156841343693,0.07991037092640503,-0.7992823154324796,0.11744251236770142,-0.19614461099145528,0.18738336935375915,0.6733327998986574
-0.07420100391663487,-0.2839989534968897,-2.188576548541618,0.6752925340870412,-0.24685140308155096,1.7627285661650425,0.8957363904267194,-0.1852884027787167,-0.48879391683206747,-1.1501859094333533,0.17414398731713338,0.022493997112112207
-1.4436408563596368,-0.42463134663054725,1.652813480006428,-1.8116480822253287,-1.0121337271442403,0.0017916343468596704,0.8845046137955683,-1.756285483664297,0.2640766681152131,0.5514177964303387,-0.7845526708082251,-0.26888546784291206
-0.18731555149879997,1.559569930142502,-0.01929859891315368,-1.3264358228832096,-0.025027673382317307,-1.535455914629453,0.1219338297948018,1.1062812982208559,0.15106630409273283,-0.018330584064194903,0.4377462807359022,1.1833146874874627
-0.7201687004588101,-2.118936922555939,0.4865830119018922,-0.8528752052406158,0.2844518962247388,-0.21426857361755078,2.2992836163275214,-0.535761768742233,-0.7409478991138173,1.6359275029241689,1.0106882138579094,-0.020990102237004923
-0.31995603589992405,1.5845703764468635,-0.44048165821376173,-1.3485146013524574,2.5109223796963,-0.9163322741721419,0.8480168790959005,0.13410085518989806,0.025449382100115638,0.01567907694754645,0.5821643315910731,-0.7604154431492046
-2.017030732003284,0.908458997402433,-0.6987828189674073,1.6122625262979382,-1.6102816494051932,0.6779920546221082,0.5905045288766476,0.04073504142813257,-0.19324168182554866,0.0963370690188399,1.0278678173037998,-0.7524456698908096
3.138118861941015,-0.09232087258236316,0.2513458729932514,0.49299172252974177,-0.816882591382115,-1.3661785511286855,-1.1875598511844592,1.0415980525183677,-0.7973729781118314,0.6468536673496054,-0.3358573527785344,0.08296406236123141
1.0825470169934626,0.9655170654585673,-0.33115375200133457,-1.1804053149715557,0.8953035502632609,-0.4393037328851838,0.8362044198135651,2.1726588354440692,-0.3979614395083411,-0.34000710998881506,0.4722033320720684,-0.8676164133405857
0.37485620763875854,-1.0942853723192973,-1.2846060880883747,0.8082870593505923,-0.6208772148968801,-2.234297406812195,0.8934285432883339,1.6175144943910873,0.6358155925655903,0.40816087969233594,-0.2937915246240644,-0.11115797064178908
0.13390067321238688,-2.628979096086955,-1.8736214791541648,0.5434301629058916,1.392484785383546,-0.35874969615392543,-0.2210652950395097,-0.6970023945822129,-0.3817726259678095,-1.076360240956373,-0.7027437167788078,0.2890702064619389
2.093385731238589,-0.23487228963896636,0.5406478196458521,-0.12971999363608394,-0.1697820029321798,1.2490225049940684,-0.8233843553476112,0.6036414671792628,1.0815858313695323,-0.683518989195504,-0.25660623126541204,-0.13441386734759717
2.788011123597855,0.7704221215016993,-0.6176277210981911,-0.3460535002538086,-0.6607068587652043,-1.353686325799144,-0.21732282801905947,1.0312860526709502,-0.8269068975746992,-0.02363877621201143,-0.30174974338468646,-1.4822396425070306
0.34987066003923756,0.5307001562380683,1.4096882867905955,-3.016819311501766,-1.71175589088403,0.46686872424731235,0.5911183998455725,-1.9764517634721324,0.37860785508762956,-0.46480411519705983,0.4129876955670069,-0.5530459081187015
2.5527011822445367,1.3354979429402292,-0.3094568732264485,0.18092418816408176,0.10338142606241271,0.8646565332740787,0.6746148003401511,1.2270208846403723,0.12672226158466016,0.28966396278322853,0.09379561415647689,-0.4227817191187942
-1.120828424593298,0.16120088205189914,-0.14481025150847998,-0.3598863712815361,0.3795927856669069,-0.5171241526137591,-1.1165245616574924,-1.2812804084051144,0.1649901134854504,0.6688202231046492,-1.4645575736878464,-0.7219538633531883
-0.5880752590347438,-1.4148805834628,2.0206955138952987,-2.208598408017309,-0.1596182811337131,1.4289284035857903,0.998215225712041,-1.230052902006902,0.859970797858953,0.7480007074864043,-0.3534487901553712,-0.3212985843664291
-0.08132271631848902,0.7717392660865975,0.08272355089302807,-0.14650329032742523,1.734032977543564,0.13449309710892457,-0.15248362819716804,-0.40121119724207305,0.08727744212910929,-1.66787283666408,0.23209823332951557,0.1094477250365756
2.3498172873699144,-1.6366760832345455,-1.7839237034248954,-0.7087998323616457,1.803905058029255,-0.8807571948503006,-0.49433111614828257,-1.6375855176791896,-0.07423464969783652,0.4440639617261613,1.0237404582852627,-0.16359663494719406
-1.719307954401965,-0.7221366870496452,1.7329506917319804,-0.04518987938485907,1.168986291917747,0.8889110002849555,-1.104941223860717,-0.057730475092486265,0.8467120979151519,1.8353907311593796,0.08058122805201542,-1.1384578220324753
2.0722753023391713,-1.0057336608324228,2.26515709970363,3.574405647306224,1.2696285267181353,-0.4193515496244551,-1.7984510802033933,0.37101828723900904,-0.38222251452770734,-0.0885494971451614,-0.049010751675731296,-0.26380898111578405
-0.950405204779327,-2.3933622305268436,-1.1166601955382305,-0.28862885120302495,0.8771323386250948,-0.6098116539653262,0.1986567615703931,1.0177982584505612,0.8097021235557341,-0.8556593701936632,-0.31963498945744845,-0.0012306075878269933
-1.7457960306177973,-1.3869823569013238,0.18190945710897305,-0.31662793075766243,-1.7965316221931356,0.17794781694393166,-0.9690629498731711,0.347867312242841,1.1980239171812925,1.1126654638838929,0.9200141972653635,0.5272198550568716
-0.545865947669823,1.1856321333506474,2.214609890113495,0.9546449341048656,0.08147345926284735,-0.943425374391414,1.2053688551340367,-2.6357083440507343,-0.3000169118783492,-1.2946675908679113,0.30978026279482745,0.6778403415594836
2.026164247009053,-0.521217654877083,0.8232452692252324,-0.8268147428939622,-1.3729788824588058,-0.5261700761056692,-1.2819075944582459,1.1534171446233141,-0.5176464321085443,1.7547673306746785,0.6896992400261243,-1.0008785720158357
-0.7389318567335831,-1.7827698410012836,2.437397923937222,-0.4503144986669264,1.9643839128997151,-1.5472020234752373,-1.6292037421931655,1.314717716680066,1.2518369606220803,-0.005313317257955303,0.5112201801281996,-0.3668507188060577
2.2404183796070303,-0.9263623587191258,1.0219992483997955,-0.5976923420389529,-0.07086535549039415,1.4139521337049412,-1.8535098975785667,-0.1520138749590985,0.6292077451310157,-0.0737803441632217,0.47211115595861775,0.16551108124079672
-2.0922097936970037,0.9057655563461621,0.2616508894649729,-0.268504389796442,-0.6066714883755213,-0.10617984331783077,-0.1666715213332022,0.6860812282742852,0.22909993420731842,-0.042476933143310344,-0.756841174041988,0.050466498792049765
3.61705582707507,0.8573950092305397,-0.30537745814943873,-0.3138041441214836,-0.24510813534842263,-0.7477755916430749,-1.3177998336071137,-1.4964442796164372,0.7002844136431652,1.4518191666665208,-0.553788120901539,-0.842537063508466
1.9703504508220064,-2.252368448624603,-0.2574929159006811,-0.5406612191877822,-2.680117958658417,0.2860025812201118,0.9348214311092454,-1.885876880080362,0.2839787412341615,0.03981189165053246,-0.7171050654867797,-1.3314391491071205
0.36539803457650116,-0.9990539153225965,-1.2852214746713404,1.4059006331849409,-0.9228578479008006,1.7449649867708805,0.42696955943959963,0.9504458387585027,-0.5512887229189279,-0.7090516495452333,0.3215236125711833,0.2546465094131703
1.820947042812284,-0.10404368711230155,-1.6219351955829515,-1.3347028328546906,0.24737278774258492,1.8595670687321835,0.21129525093122714,-0.23241117193259384,-1.2139810538493225,0.8751205503919822,-0.566679679787371,0.5682355627324797
0.2594530510882184,-2.4743416543502175,2.849687448843016,0.49369202418130537,-0.8568656953888845,0.9376890349324121,0.8606887422219489,0.9894010315722387,-1.404790071904424,0.2813717327335788,-0.2805837526266259,-0.5224939724040296
-0.2220308086197308,-0.09078990468165637,-1.5999708658564613,0.7348166668582713,1.0807936222740397,-0.3152747303987155,1.8251958372276087,0.5912008827941578,0.7462412232743729,0.4641647528169999,0.456819827095615,-0.22825979227012028
-2.254774249580743,-0.31187922410816704,-0.7147944924719711,0.7332917372706067,-0.7733851866376948,-0.2442202731445963,-0.35304463695596716,-0.4393229981618278,-0.11401945441842605,0.5136944901112444,0.42385773247486586,0.019381870210090118
-1.038996736629673,-1.5944401589499286,1.0441803916154762,0.3676313542671228,0.5603059898692558,0.3565889922152148,-0.753108378423363,2.1162080290709593,-1.3543393835861033,0.44378660327549535,-0.4060425932780371,-1.3484005994044967
-1.7688882970035171,-0.44477052333106937,-1.7179751180925025,-0.4676212419107493,0.5963902511488524,0.8694169175715541,0.8657627166445873,-0.09026896536476942,0.4856017872202861,-0.7729517152497063,0.3472235085319579,0.1221476340492693
-0.04690808644233075,-2.2320843291867862,-1.4631722219470358,-0.43737462093360124,-0.054966483859465204,-2.9935330595522314,0.2280129676647681,1.5945644323578052,0.3563735776967944,0.5978513798915024,-0.6479865666647711,0.17734007189305528
-0.6291377974681481,0.3765846215087121,3.1656494760469456,-1.0394425476423093,-1.7528106411312685,-0.7551503662686951,0.9212564410135163,0.4045887467301465,1.1432645850048584,-0.5996803486400106,0.5268914300043808,0.5380505408242122
-0.3084869935931175,-1.2477160004479162,-0.9351237253443367,-0.48553166243988066,-0.7759846207772648,-1.4899830087000578,-1.0025465938054676,0.45259591827134527,-0.8448095224467532,-1.2197422443018218,1.0024484348089502,-0.32225742527689527
-1.422434826823487,2.233479573942051,-0.05770832154894586,-1.1191642221501685,-0.05810256576558664,-0.4578429902629086,-0.19599841083927064,-0.2736261117984227,0.28891177080862057,-1.2589777613779647,0.32010481317297196,-0.08893055670202568
1.8967261824140906,0.18201231872294005,-0.09680096325863466,-1.7472583264402948,1.630498248912375,-0.1443810934742645,-0.2233023693035186,-0.5545876152498562,0.7068016656640592,0.8006435656611964,0.7100715301164681,-1.329639077427114
3.0828050186879357,0.6688274801691239,-0.25573485045343614,-0.38913783566821813,0.7775662229149761,0.6076150423835164,-0.352971714772791,-0.27537340350543266,0.29534998588562733,0.6462606356175576,0.18142879083811364,0.15278304581354252
1.5848580515459154,1.4078282997431895,0.019632524488971775,0.23105554921912197,1.0467866286282956,-0.31733000924651844,0.931089381732105,1.518317132702414,0.13841681733293856,-0.33264862869089795,0.43887339176270457,-0.41988901271490403
-1.9783302045334572,-0.03189211447473763,0.28983208678246336,-0.222985921486751,-0.4195819133472623,-0.26287609467595946,-0.8290076488917157,0.5029919817308605,-1.0142444791968386,0.26393506657795546,-0.6843301347119458,-0.164251194328166
0.5234018848309024,-0.613930424907329,-1.5298311710386088,1.0149074612475064,-0.7039463376551313,-1.5351086179469438,0.6729390194265292,0.6846429958954294,0.5010519497297554,0.5969636576548873,-0.32051229842604606,0.9861517519718226
-2.92793085026969,0.6108693943176428,-0.942346030154218,0.285363023379534,-0.4026146984052561,-0.4784325538127064,0.49356327523397303,-0.5316669358071248,0.8937767112143064,0.11190856404469737,0.4603513101384303,-0.5973242114061285
-0.12864376398043664,2.321071842060666,1.2320521220205025,2.0117088950237734,0.983703004676849,-1.1300754084651219,-0.8729863894259379,-1.4994719389305116,-0.49949303719273475,1.9885908882437324,0.8308699064986292,0.6704767253190064
-0.8779792956104404,0.8305708212383934,0.47495878880335146,1.4526519240997204,1.3294753190001884,0.9325810950119907,0.2238960844891834,-0.29936091594682585,0.7586572105070076,-0.0022383864378380616,-0.8466958022275943,-0.12870036040958882
2.149796631620406,-1.8066551569302598,1.3157107105560746,-0.48134412129781257,-1.520353961083083,-2.4234528560475463,1.3708813002398825,-0.1380553712511312,1.513186951066221,0.3631392729982364,0.9663837099137664,0.7066667654541005
-1.4596718761540288,0.9050229950579386,-0.5687052645484267,-1.3662852882629386,-0.731271430938391,0.44605563803920445,-0.27850053068374503,-0.24135648981434868,0.35878004759417237,-0.1955494076806654,-0.9526453885432661,0.14975109765907368
-0.3417371510224313,0.7661190409347881,1.6962138295708538,1.5123907736183961,0.6657995113445313,1.2214458642791375,-0.9930189134235078,0.22381121231352677,-0.7930417625344766,-0.1306123139394948,1.2995985849614664,0.6421503905534353
-3.1342536039323106,0.45263028571591174,-0.7223676395217631,0.3812539595816963,-0.9013330868110092,0.22938689588377686,0.10632789393343342,-0.4734602861185778,-0.009089425119963064,0.43608547407412,0.9857123382569777,0.17678652909169207
-0.247333447141604,-0.20548064114147777,-1.6442407735336548,0.6249904203892558,1.092984985652017,-0.34561788018190237,1.8014248787481772,0.62382809201502,0.6292358595983878,0.4122533670497836,0.4721033165290965,-0.2131541749871193
1.1890118787738662,-1.42515832262221,-1.851001112860902,0.19527427720915624,-1.667716709079119,0.28127956125502057,-0.7964112939256562,-0.9852817581630039,0.27677381663132716,-0.09863613770979981,-0.6281661149959461,-0.46959470822728616
-1.3363860481533993,-0.7518899073182578,-0.0649880679334872,-0.9260323305387698,1.305835927100354,0.2314922675655965,-0.08554155522740288,0.7943182409517744,0.499453139472458,-0.744820656070732,-1.0966180855715864,0.9435177753308699
-1.821890388386639,0.06768926299906838,-1.6106593275850682,-0.3020559019021789,1.5632991128493288,-0.04052189290440503,1.4057188482940133,-0.21661513003229502,0.06005582296946141,1.2185399494193336,1.0130788084181557,0.129263911806708
-2.074647815496785,-0.870486617394727,-1.3232565511672805,-0.259724108994681,0.608801929612516,0.9620603477014666,0.40376422334745926,-0.15969588856974778,-0.11221809606217988,-0.35062674520624726,0.6861111299283802,0.46798348262683354
-3.2907930580439495,1.202932821627921,-1.2403136884785038,0.03451003424868059,-0.6047313642881489,0.2956219213349664,0.5824449696260711,-1.0772596721387167,0.5756776601256788,0.08517033703179847,0.7900631928252588,0.20986576906242
2.8795115925450006,1.3875627020505554,-0.9710206319947967,-0.7809080383764746,-0.7066581551823238,-0.35432872648945435,-0.47630206550467136,-0.49602278106782843,-0.744807500119697,0.5348150262971043,-0.06462194753515968,-1.266959245753196
0.730720156302012,-0.29021934337255645,-2.047675737615137,-0.26599685867520967,-0.9984409357408486,0.06311845559511285,0.02371718577641328,-1.4258014452225873,0.49035158821464686,1.421443587816193,0.20650044185699273,1.5905179859611236
-3.485473049504077,0.662045531199819,-0.2865951392798869,0.889089047367445,-0.06820820128508592,-0.4722670923235795,0.09945606383619951,-1.0652356990144878,0.9692005870612033,0.8156171733437991,0.7668752036339133,-0.17372184487268955
-1.6610001622120696,1.565078212928993,-0.6875246390289084,-0.7214317783408122,-0.7409801123422392,0.3148914253981163,0.2949816894151385,0.2829898267434153,0.06840386671897607,-0.5632859297780157,-1.0434049287535854,-0.3180242190394435
-1.2834672084020562,-2.170399279115857,-0.6104273767360058,-0.4494578107335344,-1.0799635256472784,-0.9435134606807065,-0.8956086244994768,0.5078616323023856,0.6350618196758405,0.11913674800490356,-0.005194370017500528,0.5798445024148515
1.0123307270796629,1.2055886400422167,-1.2555540979707118,-0.5799071023456487,0.038048188193570455,1.6782980196724744,1.3904633865164078,1.0325747779902807,-0.6976067704621821,0.5294703352648187,-0.27908878014796457,-0.5612947505618016
0.4727921953235414,0.38371491845036615,-1.0360992043254467,-1.6832922265977994,-0.03887098305625312,1.4384355192630576,0.8204672797171365,1.535216075332585,-0.46752957669607886,0.7402631628794932,-0.34213320746352444,0.8191436595727438
-1.416909250108688,-0.6890504250220083,-0.44256240093409815,1.3078829233195737,0.30791397237643625,0.7050700421871184,0.7620031120591517,0.5781638823934369,0.9596851935008668,-0.4541062093747479,0.6992306902293564,0.2373525931471575
2.182777187994742,-1.7113369604681123,-1.6065391366167527,1.8610753931719684,0.5646107500197379,-2.046949579242533,0.43826675903774914,0.6533871655742572,0.47562133780315957,0.7814931820774309,-1.2533715746513026,-0.8510910564859571
-0.12180158037559596,0.6707567879527975,0.4185310438595487,-1.1687559992248164,-0.8101019249566787,2.8561288817352453,-0.17896599548063472,0.46393347020988196,1.3139347902937806,1.0362887517115174,-0.015476615147664598,-1.363573779961108
0.27204841645028816,-1.8419859488858719,-1.4772739923060747,-0.6489660469989142,-0.5442280316479208,1.0526900723552266,0.26276995634748457,1.4594557547921427,-1.542350903614624,1.4674714109239138,1.1658395841536724,0.47747664534126016
-1.5870284967761425,-1.0964059439956129,-0.15559713272365314,0.10117079405359211,-1.2685808781997105,-0.867120793133584,-0.23847867301539014,0.9410770993918611,1.6346632590579033,0.3396162580477701,0.1977118350974954,-0.44558540418175585
2.5355953926150807,0.2631603101993896,-1.1445195313187673,-0.05920474101445788,0.6693707469997751,1.2621292926292444,0.16595670723944284,-0.5486126285148958,-0.06294122018504736,1.4426087071091198,-1.2216558942797846,-0.46186950931389414
3.195460849353151,0.28478894818027334,0.6199924838891785,0.48341129039742126,0.512357681689229,-0.19670468463300358,2.457228958072534,-0.5417109831730847,-1.8210888421803508,-0.9905000257830747,-0.06994699280413683,-0.442149934452153
-0.3135578763051,1.1061785684234517,-0.06112087006353641,-0.8943500404468607,1.3007759081257393,0.3673389213840233,-0.045479048424736296,0.20168083458855915,0.14747102016837857,-1.4022619270851884,0.20506661432108936,-0.49916136420225066
-1.9151932548865374,-0.7349989505427427,-0.6407725910116229,1.3591026582044734,-0.47779491248041256,-0.6729750711522177,-0.21056531001645765,-0.44763388655129704,-0.3764595327610294,0.08840560080880797,0.46630810033460174,-0.45776787077043674
-2.5512642031513932,0.5025532037539167,0.032131009827578653,-0.2773598866502186,0.3593833605373401,-0.4210133107825386,-0.6714522130929883,-0.5605958391862981,-1.0152443962256776,0.42688786170717563,-0.6606656390442579,-0.7866209333711386
-2.6197546807227643,1.2858909659162907,0.07067726808510537,-0.14018447188968175,-0.23394587197294156,0.24530931161870895,-0.29189068561746284,-0.25673369594868795,-0.8476018390648835,0.43461777722307904,-0.36741379931811574,-0.7873265534433019
-2.7752989961424395,-0.5994273171488065,-0.9397355496177532,0.30449113345296364,0.05146017002095369,-0.9371063516881155,-0.28443417327831,-0.83892749518688,-0.4059744464152629,0.42518449147780674,0.3983558431053001,-0.9940850246271624
-1.9495506971153902,-0.4365299706174983,-1.5435493563324574,-0.3054182275672175,-0.4360886844509003,-0.9351817353768086,0.24339861284716716,-0.22669523585880344,0.6841187196903573,-0.5676745713439235,-0.23152621040278026,-0.14667901889859353
0.18951541004334319,-0.3801656581448544,1.120592437742364,1.1933032724025465,-1.390334754269096,0.9551678553837856,-1.9161955018823842,-0.49465906385622604,-0.47061818546022466,1.5974391882117411,-0.5670928251000307,-0.16714472006010078
-0.7745944800446612,-0.6564396903697818,-0.033211853665894,-0.2576405557561713,-3.12732416717103,0.38430299777136867,2.341134675588671,0.5054865076339632,-1.0126435319927867,-0.7117252796430911,0.19169064206433,-0.9161128859486418
1.2125215708162742,0.5280882736410598,-1.3891889324201232,0.29958732370876623,-2.1057043716747184,0.926254179094322,-0.020642609432718773,1.20956069507996,-1.750210923421751,-1.262416836607904,-1.6301492015388717,-0.9601665170655596
-0.5587348285207149,1.4181717248279075,-0.3176447072677826,-1.9054004952796355,-0.7743511716114481,0.2864332453440979,-0.8731198444140301,-0.43709010695364975,-0.19098815320845638,-1.1023492155811483,0.39573674256641383,0.6349858941712562
1.0713928257102607,0.9901931213180283,-1.4568497679955699,-0.3947568178111067,0.9862199908654781,1.1392911600690254,1.0345289687676473,-0.14776698440365815,-0.742138797838598,0.7725389360708808,-0.7026314451743556,-0.7832670863360154
-0.11929996158265886,1.1767087095407256,0.49182728314337504,-1.602855412240711,-0.6517163682440787,-0.10350051618052727,-1.2071064698207423,-0.568593123688307,1.3904911073264408,-0.35503941324376115,0.2147377079715394,0.15609711112683522
-1.0953230389948978,-1.0495131669723627,1.9795969812732312,-0.5549861063046652,-0.5800962818624636,1.1966190558985983,1.670408885063272,0.7428236756708135,-1.2759434494625395,-0.2401623491471043,-0.33731855554147677,0.11062945863593045
1.218017200868992,2.2582250917538267,-0.8515701495454531,0.06900942574261242,-0.7481664365050471,-0.2314722772406544,0.45362386742385974,0.3875790716569272,-0.8290224147857318,-0.04675011181813172,-0.045162047895598995,0.6669412249132217
1.9437426023954234,0.8765978005787096,0.16799298914773747,0.3036632475326564,-1.295632134549136,-0.3050855619928096,-0.9129322021816517,0.5621828690654979,0.21294422889814388,-1.1673236242218408,-0.4965985769319771,-1.0342311431335611
2.1321341842968917,0.9734292066668686,-0.8747416838099107,-1.0219743855400816,-0.9179518496490401,-0.6762070273951304,-0.15691459320130688,0.8369686234647673,-1.3211312550004772,-0.24955284192306965,0.21528900833869752,-0.3277214069105957
-1.6348718806151585,-1.1719108948761567,-1.3185383340610735,0.025185472462512633,0.8753288422426851,0.5179683096986523,0.25110366961343084,-0.22965757457929578,-0.0682734988103574,-0.2527579101435684,0.3193008758451121,-0.16239378274568217
-1.3059523668542852,0.9567674876541815,-0.716222989741064,0.30411116096899543,0.7268880198583172,-0.4744043152808473,-0.3008174371343529,-1.704347958092845,0.03389430160567665,-0.5166732038227201,-1.5203993100595656,0.3658332529269536
-2.2604059493370263,0.542270754500381,-0.8881918642228657,1.1866507093710172,-0.582587789419345,-0.23145685257502932,0.5181123799771498,-0.7230027652824758,0.6706732455046192,-0.20561324553918145,0.517537340687731,-0.11434044588848198
-0.5649922010735772,-0.6325364789163267,-1.7579567674760141,-1.3716342916918516,-2.2988676866932156,1.0850407889795433,-0.3615597080184792,-0.25184145626139026,0.5646939036074294,-0.04898529571972986,0.26817634645705885,0.5251282567560794
0.48482287712480293,-1.4511108302396687,-0.9499185949100725,1.4147918156132882,-1.8939013141342522,0.8115120403347666,0.04383164531202872,1.720973160651597,-0.39022304992592566,-0.7568843510731103,0.07812754816018211,0.5085617608112911
-0.7853395118910349,-1.6690941700061979,0.8456056733461684,-0.07828009485605192,0.19498773322903368,0.5511134993894327,-0.6692883143723289,2.3854632835187193,-0.7684010247014313,-0.08045181582813934,-0.5956258436948835,0.1507747089140103
-0.9155434912301931,0.609641955714896,0.5902482167147095,-0.5460354907099363,-0.45267133260096876,-0.541510065484777,-1.3162253014030487,0.4184642769695345,-1.413272334699801,-0.580197986557634,0.5632740741681701,-0.2623755303387996
-1.3222542475875032,0.12579860111245122,-1.2118458232390432,0.7143458144725977,-0.9509802278558177,0.18341993383643457,0.12302968698260744,-1.0623724260115683,0.3705515710662347,0.09360435230210576,0.41403782569568454,-0.8932226167859154
-0.7693249410994127,-3.24430020632731,0.8466186783346007,-1.1481853875560355,-0.308997720454479,0.594473295637918,1.0628334235818733,-1.1580648904090023,-0.399171743886551,0.5780120826810958,0.6334935634037768,-0.7895484711085339
-2.180502677016297,-1.5948876050711915,0.3262216046511183,1.1871379155051016,-0.9523901451560424,-0.8636089070665713,-0.9793909671847554,0.6645288847450673,-0.10229683898760995,0.8978684087478306,0.5469882873822471,0.336864590418237
-2.421865493305272,1.1208607946050013,0.017388889257437166,-0.3966270115477427,-0.1173651687387124,-0.1615159508821479,-0.1566384889387651,-0.06247382530309626,0.06259728811693992,0.023745506401732973,-0.7497528234998008,-0.1370516596195424
2.370693487726675,0.7437179624977597,-0.2652059277513773,1.0166448910265642,-0.08008638370505404,1.2185725655472421,0.6544520965262812,1.1506610391659442,0.857138962018415,1.168200068961365,-1.1470230634938463,0.6564393563809972
1.2923169883723387,1.4571903368425168,-0.938224057116382,0.23649777685621806,0.8032118734657426,-1.8055539970239665,0.13436457865216214,-0.4897143441337815,-0.768540577400241,0.1612748432657939,-0.7460558745881788,-1.0124925896761983
1.0972674969109153,0.2377485540208207,1.8523538220455398,0.12027012878427402,-1.7503874447986225,0.07448713288185349,0.6763246134832267,-1.2305295214658731,-0.5981440556282525,-0.6461832881725715,-0.39641339521321706,0.07909817537612446
-1.4434596830343185,1.2989358949013383,0.8226538064671257,-0.697737902773757,0.6105494961137262,-1.8804606377857471,-0.44635082024636724,0.303146184744213,1.4487048274338805,-1.068387028966834,-0.07093498919856664,-0.39481156877958645
-2.138712376851217,1.4171273540989082,0.24651355873358977,-0.07730265092296729,-0.6027652015269745,-0.06938521175141694,0.14904713088772267,0.704919505839394,0.3981309401198618,0.030793128574228078,-0.7256137929419482,-0.8114175104655788
1.7980657557484154,0.6642362301818198,0.14702721739741695,-1.0278184387685418,0.619857977840207,0.03329106719043426,0.04643354371057659,1.4262421601081936,0.614165141990855,0.38301307328331796,0.33710140188966226,0.5537085344277252
1.099625568585557,-0.5729154171897806,0.5954042140059898,-0.04895818410102855,0.486566241750781,-0.08042601834198947,-0.6574206818172582,1.7865498659551726,0.7458656925121695,-1.1698804247656418,-0.8100091537607034,0.38594069586642
2.368704842996162,1.027680643451564,-0.5738380773534534,-0.7053308636110829,0.18260517434524057,-1.2844287355190407,-0.6030013816321712,-0.8190871778941909,-0.07797676315332996,0.7083360732851182,-0.21035289064431345,-1.4148538251135574
0.15077925523724847,0.22666896221077654,-1.590706125857495,1.1917991005700392,-2.711967193971943,1.0606317198788382,0.41198004637771296,0.7509934226375309,0.16109101230580117,-0.9680381797136359,-0.07430358542117874,1.192885458167153
-1.3977699673025938,-0.2963817551667412,1.3634105431243664,-0.26823332428314645,-1.3788464879469355,0.755741948265589,-1.6604864167876339,0.3100327097218964,-0.019724207003016424,1.6920628207055015,-0.06079307689708266,-0.09672284632643481
0.11603253169145662,-1.0413907052095563,2.2842344244646813,1.3534260638586846,0.7468844813374534,-0.2204767952853397,-1.2987691039611198,1.887685039781345,-0.5871838542304726,-0.41474804423973827,0.9343396699414974,-0.05587740232037721
-0.1630888863650992,-2.3685105584042954,-0.7642607802639342,0.46983865914414485,0.015528540901058825,0.6299031104502066,-0.15309627406825468,0.5985410800360018,0.21967848056017794,-0.3751749234464359,0.3797629543011029,0.07656555643694123
-1.807189749268016,0.2427900050707515,-0.8203743830554624,1.396289915260485,-0.579371877301415,-0.6828598590976439,0.5646187004929141,-0.22281256427111842,0.7053866901937389,-0.22424048975434105,0.25381592524824087,-1.185000604461656
-1.269714302873583,-1.1333106020712014,1.1915711056358498,-0.32186428340021905,0.6130261190203924,0.6582360036206595,-0.6755004041202458,1.3910049101388875,0.37591630778915425,0.5970032718858084,-0.3156356612121515,-0.3242296243208426
-0.45688452063953966,-0.03149082746654463,-1.4753387271813199,1.026509166669835,-1.7217552530858302,0.02021001169607387,0.5488774924972912,0.5225591747337106,0.43403041929971237,-0.9310765461839894,-0.16473027062501805,-0.07371099900417301
2.1593937592140633,1.15997238318544,-1.072653477012571,-0.4299812683794903,0.3833309228244232,-0.885663104158533,-0.868035718951576,-1.6132284314799128,-1.0277559233966882,0.361852753318144,-0.3563346475695523,0.766421993157021
-2.3603228871401813,0.5146925755227304,0.15091480561693627,-0.440887710342975,0.16071555972654744,-0.6186247253353679,-0.43699599982009646,-0.044932299280870565,0.12203800405991247,0.019163902307410073,-0.9247260493152323,0.11566109461702694
1.8364377200555086,0.7142188367764473,-1.2242215442871431,0.4732370663949136,-0.4626705638000747,-0.31959518914676427,0.5968451475856825,0.11920216343492765,0.7045875773397612,0.21749016138935834,1.44989890527869,0.1446964156637604
-3.1252749896973118,1.6040478231310038,0.7080183547050005,0.2076571960111124,-0.009282099515195992,-0.08952567146206121,-0.10591298903292624,-0.09897407903761607,0.24159972577601282,0.6597440125711433,-0.25866329282035916,-0.6733682427895613
-0.17919459736516696,0.45797784961266574,0.7289814965134641,-1.3666261526440593,-0.8314173040035577,-0.8613168797647789,-1.003725268993296,1.0536273657317154,1.0219646032546585,-1.0254821164914463,0.07147163858794661,0.33416391792826444
3.212287333923711,0.18224228942683413,-0.33438487560892577,0.5923587574334335,0.0023367311902453085,1.3594992952502258,-1.8401456982142976,-2.8392456344031753,0.39163033610390696,-0.10786186790232394,-0.8258034293263187,0.05710376692185425
2.8707224542986913,-1.7669478445000666,1.1019289486423536,0.29787450385464814,-0.22374657703110049,-0.8427089568090614,2.0110666868127627,-0.3835943370754539,1.7866245291052063,0.7254274406183456,0.6559215112314711,0.043561369254095726
-1.1404094874024926,0.24888537210872835,1.2418669653581695,-0.44412065575544324,0.9215729584443116,0.4541311026538774,-0.71593504200527,1.073900833148095,-0.4632075377074724,-0.6327519138659212,1.118637883333055,0.22024721790235294
-1.1759649921981887,0.5323339566364577,0.3598122675169034,1.627400541955623,-0.4667368269626237,0.36892495368252376,-0.523884246888645,-0.4700485164498365,-1.2090523286991914,-0.22459077873160968,-0.3959913424506022,0.5927638923226763
0.7646704396107028,-0.32011357513455474,1.1468902284286635,0.5744617943809981,0.4472332060482271,0.23307675668908287,-0.6738759756643116,1.6165566805494729,-0.032565025820533604,-1.384921455580761,0.3923412698565125,0.6163308739232539
-1.8598232890320237,-1.6210695349907318,-0.9576690939072421,0.4622366504231457,-0.08831701874772384,-1.079890899102983,-0.9979921851597637,-0.8138645217807058,-0.7213455752861933,0.4193773648401764,-0.070269164785037,0.03349947424988934
1.5549480365493666,3.050929413466112,-0.2705394107662467,1.8622448396350986,-0.1864912453903325,-0.4587828605987177,0.6980151670681665,-0.5276921529962791,0.30991647657061283,0.19575544617163654,-0.19040366125944885,0.4909620238412436
2.7693373077970405,0.6653455771508272,0.4812510774248637,-0.6784847762433361,0.29418665966833957,0.5255133782499496,-0.5393295016945272,0.7235261843828696,1.5462263297567989,1.1413459985322458,0.10055242709128057,1.0048981415466705
0.06455273059628958,0.2697678323713844,-1.9837242797102403,0.42400538956930733,-1.5011706302185475,-0.4449284519505064,1.2731927642421141,1.039022276314354,-0.18864639730994776,0.2738030140378408,0.3525373730529299,0.845080871562773
-3.147828620142526,1.639961249115468,0.9159164939320626,0.22547290537009587,-0.4042241054703517,0.19556048707493867,-0.11536053031536365,0.24932583512858747,0.4421764829005565,0.6336147921549988,-0.10378603446231074,0.07285971687077457
2.652479933150567,-0.7610835029470404,2.087699971037746,-0.4722176729483441,-1.3650183042670647,0.890218438432835,1.5941044739715853,0.9445978345880127,0.6727296544649431,-1.1173870584666776,-0.3530622422612337,-1.8985964087806175
1.1035734277208769,0.4174297965130755,-1.5015652012733742,0.24122451879412687,-0.7761966200359051,-1.718095733406065,0.6880193650358017,0.8583764482910331,-0.2792340367013553,-0.46730494063570527,1.2647656402066385,-0.22559894955988147
-0.6884171477533924,1.4814312046900542,0.7196236623412541,1.0749010586883816,-0.17681839448012443,0.008256053313701078,-1.2465055009414592,-0.8551719511040343,-2.030211640280729,-0.1385184333537418,0.8894570924442772,-1.0520055967919366
2.604311444439056,-0.19730836605103075,2.2028377506114527,-0.16366865899076288,-2.1952901777412075,-0.08836626099175565,0.17226100151975013,-1.0423343220896664,0.8687076924497814,-0.748216992221972,-0.6399477185726246,0.7652772899359014
1.8867905719929183,2.3719104787240797,-0.03365416325982531,-0.0767929343093653,-1.512048964936562,-0.1363065712403033,0.3940499166767394,1.2943934036248224,0.30187902548761264,0.16063251142191964,0.5029438803856418,-0.026415171739686126
-1.3412279248979067,-1.4621116742573936,-0.1905038142900623,0.8983464926207819,0.20114680318454137,1.1202538640515483,-0.07410211811733448,-0.022088446275073788,0.3605271945574025,0.30244357851383963,1.1195300976021998,0.29240722437785943
